label	costo_procedimiento	numero_personas_atendidas	costo_proc_usuario	code
De 15 a 18 años	47840050.0	2451	19518.58425132599	1
De 19 a 26 años	226343014.0	12037	18803.939021350834	2
De 27 a 44 años	1518478676.0	90364	16804.022354034794	3
De 45 a 59 años	2841524238.0	180446	15747.227635968655	4
De 60 y más	3187362894.0	211752	15052.339028675055	5
