anno	costo_procedimiento	numero_personas_atendidas	costo_proc_usuario	label
2010	1127771026.0	80451	14018.110725783396	2010
2011	1322528493.0	88286	14980.047719910292	2011
2012	974541716.0	62681	15547.641486255803	2012
2013	677327385.0	43880	15435.90211941659	2013
2014	991331405.0	62835	15776.739158112518	2014
2015	1136378984.0	65283	17406.966346522066	2015
2016	611226354.0	36596	16701.998961635152	2016
2017	980443509.0	57038	17189.303779936185	2017
