label	costo_procedimiento	numero_personas_atendidas	costo_proc_usuario	code
NA : NO APLICA	94799755.0	7607	12462.173655843302	1
NO DEFINIDO	26736345.0	1635	16352.504587155963	2
SALUD: CONTRIBUTIVO	6364923187.0	419532	15171.48438498136	3
SALUD: EXCEPCION / ESPECIAL	16834215.0	698	24117.78653295129	4
SALUD: PREPAGADA	43451273.0	2594	16750.683500385505	5
SALUD: SUBSIDIADO	1274804097.0	64984	19617.19957220239	6
