label	costo_procedimiento	numero_personas_atendidas	costo_proc_usuario	code
NIVEL 1	408104667.0	22431	18193.77945700147	1
NIVEL 2	129302063.0	7009	18448.004422884864	2
NO APLICA	413183631.0	23557	17539.738973553507	3
NO REPORTADO	6870958511.0	444053	15473.284745289413	4
