anno	costo_procedimiento	numero_personas_atendidas	costo_proc_usuario	label
2010	2873079409.0	114809.0	25024.8622407651	2010
2011	3792349168.0	124066.0	30567.191398126804	2011
2012	3146132869.0	87262.0	36053.870745570806	2012
2013	2091691381.0	64449.0	32454.985818243884	2013
2014	3088751409.0	90950.0	33960.98305662452	2014
2015	4887458205.0	118613.0	41205.0804296325	2015
2016	1984399606.0	57174.0	34708.0772029244	2016
2017	3901436967.0	96836.0	40289.11734272378	2017
