label	costo_procedimiento	numero_personas_atendidas	costo_proc_usuario	code
FEMENINO	6141004425.0	394162	15579.899698601082	1
MASCULINO	1673160798.0	102564	16313.334093834093	2
NO DEFINIDO	158130.0	8	19766.25	3
NR - NO REPORTADO	7225519.0	316	22865.566455696204	4
