label	costo_procedimiento	numero_personas_atendidas	costo_proc_usuario	code
SALUD: CONTRIBUTIVO	19820571007.0	642477.0	30850.242120729614	1
SALUD: EXCEPCION / ESPECIAL	135641409.0	1021.0	132851.52693437805	2
SALUD: PREPAGADA	111219049.0	2922.0	38062.64510609172	3
SALUD: SUBSIDIADO	5697867549.0	107739.0	52885.84030852337	4
