label	costo_procedimiento	numero_personas_atendidas	costo_proc_usuario	code
NIVEL 1	950853017.0	25116.0	37858.45743749005	1
NIVEL 2	258127432.0	7184.0	35930.87861915368	2
NO APLICA	808985245.0	25300.0	31975.70138339921	3
NO REPORTADO	23747333320.0	696559.0	34092.350138322814	4
